Collection Pillar,Recommendation,Sell Priority,Museum Score,Investment Score,Liquidity Score,Duplicate,Duplicate Count,Upgrade Candidate,Needs Grading,Needs Photo,Needs Verification,Verification Notes,Series,Issue Full,Issue,Issue Ext,Title,Edition / Variant,Publisher,Series Group,Age,Release Date,Cover Date,Publication Date,Barcode,Quantity,Location,Current Price,Cover Price,Purchase Price,Purchase Date,Is Key Comic,Key Comic Reason,Key Categories,Story Arc,Crossover,Genres,Slab Status,Grade Rating,Assumed Grade,Signees,Tags,Cover Image URL,CLZ Hash,BP Comic ID,BP Series ID,Added Date,Modified Date,Format,Collection Status,Collection,Read It,Country,Language,Value Locked,Raw XML Index
Spider-Man,Museum Candidate,Low,78,67,80,No,1,Yes,No,No,Yes,"Assumed NM, not verified","The Amazing Spider-Man, Vol. 4",799A,799,A,Part 3: The Ties That Bind,Regular Alex Ross Cover,Marvel Comics,Spider-Man,Modern,"Apr 18, 2018",Jun 2018,Jun 2018,75960608765579911,1,4,22.0,3.99,0.0,,Minor,1st cameo app. of Goblin Childe,1st cameo appearance,Go Down Swinging,,Super-Heroes,Raw,0.0,NM assumed,,,https://clzcomics.r.sizr.io/core/covers/lg/bc/bc_538768_0_Part3TheTiesThatBind.jpg,b0e41aecdae741ef9cf76af5c6b4550d,538768,64163,2021-03-22,2026-07-04,Comic,In Collection,My comic collection,No,USA,English,No,10
Spider-Man,Investment Hold / Review,Low,73,77,90,Yes,2,Yes,No,No,Yes,"Assumed NM, not verified; Duplicate/quantity check",Spider-Gwen: Ghost Spider,1B,1,B,Part One: Uncharted,Variant Stanley Artgerm Lau Cover,Marvel Comics,,Modern,"Oct 24, 2018",Dec 2018,Dec 2018,75960609121800121,1,High Value Bin,32.0,3.99,0.0,,Minor,1st solo series of Gwen Stacy as Ghost Spider,First/Last/Nth issue,,Spider-Geddon,Super-Heroes,Raw,0.0,NM assumed,,,https://clzcomics.r.sizr.io/core/covers/lg/53/53_582495_0_PartOneUncharted.jpg,373ff79ad5e14e1194d1acfda53a1bf2,582495,85506,2021-03-22,2026-07-04,Comic,In Collection,My comic collection,No,USA,English,No,16
Spider-Man,Investment Hold / Review,Low,73,77,90,Yes,2,Yes,No,No,Yes,"Assumed NM, not verified; Duplicate/quantity check",Spider-Gwen: Ghost Spider,1B,1,B,Part One: Uncharted,Variant Stanley Artgerm Lau Cover,Marvel Comics,,Modern,"Oct 24, 2018",Dec 2018,Dec 2018,75960609121800121,1,High Value Bin,32.0,3.99,0.0,,Minor,1st solo series of Gwen Stacy as Ghost Spider,First/Last/Nth issue,,Spider-Geddon,Super-Heroes,Raw,0.0,NM assumed,,,https://clzcomics.r.sizr.io/core/covers/lg/53/53_582495_0_PartOneUncharted.jpg,4feb431f65fb443eb7166585f20ab003,582495,85506,2021-03-22,2026-07-04,Comic,In Collection,My comic collection,No,USA,English,No,19
Cover Art & Favorite Artists,Inventory Review,Low,73,57,75,No,1,Yes,No,No,Yes,"Assumed NM, not verified","The Mighty Thor, Vol. 2",705D,705,D,Sundown,Variant Stanley Artgerm Lau Cover,Marvel Comics,Thor,Modern,"Mar 21, 2018",May 2018,May 2018,75960608774770541,1,High Value Bin,46.0,3.99,0.0,,Minor,Death of Jane Foster,Death,The Death of the Mighty Thor,,Super-Heroes,Raw,0.0,NM assumed,,,https://clzcomics.r.sizr.io/core/covers/lg/aa/aa_531101_0_Sundown.jpg,6e5d1b1d140547c6ab58f390bedd3d4f,531101,65013,2021-03-22,2026-07-04,Comic,In Collection,My comic collection,No,USA,English,No,23
First Appearances,Museum Candidate,Low,75,75,75,No,1,Yes,Yes,No,Yes,"Assumed NM, not verified","Flash, Vol. 4",1A,1,A,The Flash,Francis Manapul Regular Cover,DC Comics,Flash,Modern,"Sep 28, 2011",Nov 2011,Nov 2011,76194130647600111,1,18,50.0,2.99,0.0,,Minor,1st app. of Dr. Elias,1st appearance,,,Action; Adventure; Super-Heroes,Raw,0.0,NM assumed,,,https://clzcomics.r.sizr.io/core/covers/lg/29/29_287960_0_TheFlash.jpg,a2b0d05dedc34d4fa63502845326a285,287960,41301,2021-03-22,2026-07-04,Comic,In Collection,My comic collection,No,USA,English,No,76
Batman,Museum Candidate,Low,75,75,90,No,1,Yes,Yes,No,No,,"Flashpoint, Vol. 2",1A,1,A,Chapter One,Andy Kubert Regular Cover,DC Comics,,Modern,"May 11, 2011",Jul 2011,Jul 2011,76194129873300111,1,18,100.0,3.99,3.99,,Major,1st app. of Thomas Wayne as Batman,1st appearance,,Flashpoint,Action; Adventure; Super-Heroes,Raw,9.4,9.4,,,https://clzcomics.r.sizr.io/core/covers/lg/8e/8e_274473_0_FlashpointSpecialEdition.jpg,99697013c71245f883701d42890fa4f7,274473,38345,2021-03-22,2026-07-04,Comic,In Collection,My comic collection,No,USA,English,No,96
First Appearances,Museum Candidate,Low,75,75,70,No,1,No,No,No,No,,"Thor, Vol. 4",1A,1,A,If He Be Worthy,Regular Russell Dauterman Cover,Marvel Comics,Thor,Modern,"Oct 01, 2014",Dec 2014,Dec 2014,75960608116500111,1,Wall Display,290.0,3.99,3.99,,Major,1st app. of Jane Foster as Thor,1st appearance,,,Action; Adventure; Fantasy; Super-Heroes,Slabbed,9.8,9.8,,,https://clzcomics.r.sizr.io/core/covers/lg/34/34_378982_0_IfHeBeWorthy.jpg,1f748749d60e41498eef2dd1f5f5fd97,378982,57213,2021-03-22,2026-07-04,Comic,In Collection,My comic collection,No,USA,English,No,97
Superman,Museum Candidate,Low,78,67,80,No,1,Yes,No,No,Yes,"Assumed NM, not verified",Superman Unchained,1A,1,A,The Leap / Epilogue,Jim Lee Regular Cover,DC Comics,Superman,Modern,"Jun 12, 2013",Aug 2013,Aug 2013,76194131498300111,1,28,24.0,4.99,0.0,,Minor,1st issue,First/Last/Nth issue,,,Action; Adventure; Super-Heroes,Raw,0.0,NM assumed,,,https://clzcomics.r.sizr.io/core/covers/lg/6d/6d_333226_0_TheLeapEpilogue.jpg,1bd3a6ea83534cd795f32941d4c8eeb4,333226,49563,2021-03-22,2026-07-04,Comic,In Collection,My comic collection,No,USA,English,No,120
Batman,Museum Candidate,Low,75,75,90,No,1,Yes,Yes,No,Yes,"Assumed NM, not verified",Batman: The Drowned,1A,1,A,Rime of the Ancient Mariner,Regular Jason Fabok Foil-Stamped Cover,DC Comics,,Modern,"Oct 18, 2017",Dec 2017,Dec 2017,76194135302900111,1,Wall Display,65.0,3.99,0.0,,Minor,1st app. of Batman/Aquaman Dark Multiverse Hybrid,1st appearance,Dark Nights,Dark Nights: Metal,Super-Heroes,Raw,0.0,NM assumed,,,https://clzcomics.r.sizr.io/core/covers/lg/1f/1f_500287_0_BatmanTheDrowned1.jpg,acf4d72f069242f895cff5acf3753193,500287,76790,2021-03-22,2026-07-04,Comic,In Collection,My comic collection,No,USA,English,No,134
Batman,Museum Candidate,Low,78,77,80,No,1,Yes,No,No,Yes,"Assumed NM, not verified",Dark Nights: Metal,2C,2,C,Part 2,Jim Lee Variant Cover,DC Comics,,Modern,"Sep 13, 2017",Nov 2017,Nov 2017,76194134892600231,1,13,24.0,3.99,0.0,,Minor,cameo app. of Batman Who Laughs,1st cameo appearance,Dark Nights: Metal,Dark Nights: Metal,Super-Heroes,Raw,0.0,NM assumed,,,https://clzcomics.r.sizr.io/core/covers/lg/9e/9e_499333_0_Part2.jpg,ee5aaf7f35bf4a84903851d2c208b72d,499333,76296,2021-03-22,2026-07-04,Comic,In Collection,My comic collection,No,USA,English,No,137
First Appearances,Inventory Review,Low,70,55,65,No,1,Yes,No,No,Yes,"Assumed NM, not verified",Dark Days: The Forge,1A,1,A,Dark Days: The Forge,Regular Jim Lee & Scott Williams Metal Foil Cover,DC Comics,,Modern,"Jun 14, 2017",Aug 2017,Aug 2017,76194135159900111,1,17,8.0,4.99,0.0,,Minor,1st cameo team app. of the Immortial Men,1st cameo appearance,,Dark Nights: Metal,Super-Heroes,Raw,0.0,NM assumed,,,https://clzcomics.r.sizr.io/core/covers/lg/7b/7b_485388_0_DarkDaysTheForge1A.jpg,ae7efe3f74664d5c84e59b0a73b7f4d8,485388,75064,2021-03-22,2026-07-04,Comic,In Collection,My comic collection,No,USA,English,No,141
First Appearances,Museum Candidate,Low,75,75,75,No,1,Yes,Yes,No,Yes,"Assumed NM, not verified",Dark Nights: Metal,6A,6,A,Part 6,Greg Capullo & Jonathan Glapion Foil-Stamped Regular Cover,DC Comics,,Modern,"Mar 28, 2018",May 2018,May 2018,76194134892600611,1,13,55.0,4.99,0.0,,Minor,1st cameo app. of Caden Park,1st cameo appearance,Dark Nights: Metal,Dark Nights: Metal,Super-Heroes,Raw,0.0,NM assumed,,,https://clzcomics.r.sizr.io/core/covers/lg/6a/6a_522855_0_Part6.jpg,d13d06b754584740bbc8a96cbe9fcef8,522855,76296,2021-03-22,2026-07-04,Comic,In Collection,My comic collection,No,USA,English,No,146
Spider-Man,Museum Candidate,Low,85,75,90,No,1,Yes,Yes,No,Yes,"Assumed NM, not verified","The Amazing Spider-Man, Vol. 4",798A,798,A,Part 2: The Rope-A-Dope,Regular Alex Ross Cover,Marvel Comics,Spider-Man,Modern,"Apr 04, 2018",Jun 2018,Jun 2018,75960608765579811,1,4,50.0,3.99,0.0,,Minor,1st app. of Red Goblin,1st appearance,Go Down Swinging,,Super-Heroes,Raw,0.0,NM assumed,,,https://clzcomics.r.sizr.io/core/covers/lg/a3/a3_538764_0_Part2TheRopeADope.jpg,9f552266f7164951a9ce8703d927ac1b,538764,64163,2021-03-24,2026-07-04,Comic,In Collection,My comic collection,No,USA,English,No,178
First Appearances,Museum Candidate,Low,78,77,65,No,1,Yes,No,No,Yes,"Assumed NM, not verified","The Mighty Thor, Vol. 2",700I,700,I,Blood of the Norns,How To Draw Variant,Marvel Comics,Thor,Modern,"Oct 18, 2017",Dec 2017,Dec 2017,75960608774770091,1,High Value Bin,22.0,5.99,0.0,,Minor,"1st app. of Black Galactus, Butcher of Worlds, Ego the Living Planet becomes Necroworld",1st appearance,The Death of the Mighty Thor,,Super-Heroes,Raw,0.0,NM assumed,,,https://clzcomics.r.sizr.io/core/covers/lg/e8/e8_503125_0_BloodoftheNorns.jpg,24712dddb7a8446388b77cf61504465b,503125,65013,2021-03-24,2026-07-04,Comic,In Collection,My comic collection,No,USA,English,No,182
Spider-Man,Museum Candidate,Low,78,77,80,No,1,Yes,No,No,Yes,"Assumed NM, not verified",Venomverse,1C,1,C,,Variant Clayton Crain Connecting Cover,Marvel Comics,,Modern,"Sep 06, 2017",Nov 2017,Nov 2017,75960608751800131,1,31,22.0,4.99,0.0,,Minor,1st app. of The Poisons,1st appearance,Venomverse,,Super-Heroes,Raw,0.0,NM assumed,,,https://clzcomics.r.sizr.io/core/covers/lg/12/12_500376_0_.jpg,f75092bc00f44bc6af952e7d7ac2c7d2,500376,76818,2021-03-25,2026-07-04,Comic,In Collection,My comic collection,No,USA,English,No,200
Spider-Man,Museum Candidate,Low,78,67,90,No,1,Yes,No,No,Yes,"Assumed NM, not verified",Edge of Venomverse,3A,3,A,,Regular Francesco Mattina Cover,Marvel Comics,,Modern,"Jul 26, 2017",Sep 2017,Sep 2017,75960608738900311,1,17,34.0,3.99,0.0,,Minor,1st app. of Ghost Rider With A Symbiote,1st appearance,,,Action; Adventure; Super-Heroes,Raw,0.0,NM assumed,,,https://clzcomics.r.sizr.io/core/covers/lg/da/da_488814_0_.jpg,34947dff5fcc4c93b2aed3c7dde32456,488814,75017,2021-03-25,2026-07-04,Comic,In Collection,My comic collection,No,USA,English,No,206
First Appearances,Museum Candidate,Low,85,75,63,No,1,Yes,Yes,No,Yes,"Assumed NM, not verified",Pitt,1C,1,C,Fight & Flight!,,Image Comics,Pitt,Modern,Jan 1993,Jan 1993,Jan 1993,07098933253901,1,High Value Bin,160.0,1.95,1.95,,Minor,1st app. of Pitt,1st appearance,,,Action; Adventure; Horror; Super-Heroes,Raw,0.0,NM assumed,,,https://clzcomics.r.sizr.io/core/covers/lg/c1/c1_650014_0_Pitt1C.jpg,9e1f08b3d9f54b8b9f766c659a3ae7e9,650014,6891,2021-03-25,2026-07-04,Comic,In Collection,My comic collection,No,USA,English,No,209
Spider-Man,Museum Candidate,Low,78,67,90,No,1,Yes,Yes,No,Yes,"Assumed NM, not verified","The Amazing Spider-Man, Vol. 4",800A,800,A,Part 4: Conclusion,Alex Ross Regular Cover,Marvel Comics,Spider-Man,Modern,"May 30, 2018",Jul 2018,Jul 2018,75960608765580011,1,4,40.0,9.99,0.0,,Minor,"Death of Flash Thompson, 1st full app. of Normie Osborn as Goblin Childe",1st appearance,Go Down Swinging,,Super-Heroes,Raw,0.0,NM assumed,,,https://clzcomics.r.sizr.io/core/covers/lg/90/90_549416_0_Part4Conclusion.jpg,f3a3c64a7ab545b7b8a09fd6a1d64cb9,549416,64163,2021-03-25,2026-07-04,Comic,In Collection,My comic collection,No,USA,English,No,213
Batman,Museum Candidate,Low,78,67,90,No,1,Yes,No,No,Yes,"Assumed NM, not verified","Harley Quinn, Vol. 2",0A,0,A,Picky Sicky,Amanda Conner Regular Cover,DC Comics,Harley Quinn,Modern,"Nov 20, 2013",Jan 2014,Jan 2014,76194131887500011,1,High Value Bin,32.0,2.99,0.0,,Minor,1st app. of Bernie The Talking Beaver,1st appearance,,,Action; Adventure; Super-Heroes,Raw,0.0,NM assumed,,,https://clzcomics.r.sizr.io/core/covers/lg/6e/6e_348070_0_PickySicky.jpg,1763870e3675414fb31e3b04e2bf1022,348070,52053,2021-03-31,2026-07-04,Comic,In Collection,My comic collection,No,USA,English,No,219
Cover Art & Favorite Artists,Museum Candidate,Low,78,67,75,No,1,Yes,No,No,Yes,"Assumed NM, not verified","Justice League, Vol. 1",1A,1,A,Part One,Jim Lee Regular Cover,DC Comics,Justice League,Modern,"Aug 31, 2011",Oct 2011,Oct 2011,76194130593600111,1,24,34.0,3.99,0.0,,Minor,Premiere issue of ongoing series,First/Last/Nth issue,Justice League,,Action; Adventure; Super-Heroes,Raw,0.0,NM assumed,,,https://clzcomics.r.sizr.io/core/covers/lg/e6/e6_287954_0_PartOne.jpg,5087b2b14b324cc0812aede0e2227d25,287954,41297,2021-03-31,2026-07-04,Comic,In Collection,My comic collection,No,USA,English,No,231
Sci-Fi,Inventory Review,Low,70,55,60,No,1,Yes,No,No,Yes,"Assumed NM, not verified; Key with zero current price","Justice League, Vol. 1",8A,8,A,"Team-Up: Green Arrow / Shazam!, Chapter 2",Jim Lee Regular Cover,DC Comics,Justice League,Modern,"Apr 18, 2012",Jun 2012,Jun 2012,76194130593600811,1,24,0.0,3.99,3.99,,Minor,1st app. of Marvel family,1st appearance,The Villain's Journey,,Action; Adventure; Science Fiction; Super-Heroes,Raw,0.0,NM assumed,,,https://clzcomics.r.sizr.io/core/covers/lg/a4/a4_301082_0_TeamUpGreenArrowShazamChapter2.jpg,c13a095abb8f40a087b1bf7db35eb724,301082,41297,2021-03-31,2026-07-04,Comic,In Collection,My comic collection,No,USA,English,No,239
X-Men,Inventory Review,Low,70,55,75,No,1,Yes,No,No,Yes,"Assumed NM, not verified; Key with zero current price","Deadpool, Vol. 4",31A,31,A,My Robot Buddy,Regular Mark Brooks Cover,Marvel Comics,Deadpool,Modern,"Jul 09, 2014",Sep 2014,Sep 2014,75960607905603111,1,16,0.0,3.99,3.99,,Minor,"1st full app. of Ellie Comacho, Deadpool's daughter",1st full appearance,,Original Sin,Action; Adventure; Super-Heroes,Raw,0.0,NM assumed,,,https://clzcomics.r.sizr.io/core/covers/lg/b0/b0_370867_0_DeadpoolVol431A.jpg,c07786d191b14f47a1e13fb6e58f4fa5,370867,47245,2021-04-11,2026-07-04,Comic,In Collection,My comic collection,No,USA,English,No,382
X-Men,Museum Candidate,Low,75,75,90,No,1,Yes,Yes,No,Yes,"Assumed NM, not verified; Missing barcode","Uncanny X-Men, Vol. 1",283A,283,A,Bishop's Crossing,Direct Edition,Marvel Comics,X-Men,Modern,Dec 1991,Dec 1991,Dec 1991,,1,"Thor, Unity, Venom, WW",50.0,1.0,0.0,,Minor,"1st full app. of Bishop, 1st app. of Gamemaster",1st full appearance,,,Action; Adventure; Super-Heroes,Raw,0.0,NM assumed,,,https://clzcomics.r.sizr.io/core/covers/lg/47/47_94783_0_TheUncannyXMen283BishopsCrossi.jpg,91b2511bd5e14100949a7c7d8119c931,94783,8106,2021-05-02,2026-07-04,Comic,In Collection,My comic collection,No,USA,English,No,414
X-Men,Museum Candidate,Low,75,75,90,No,1,Yes,Yes,No,Yes,"Assumed NM, not verified","X-Men, Vol. 1",1D,1,D,Rubicon,Magneto Cover,Marvel Comics,,Modern,Oct 1991,Oct 1991,Oct 1991,00928101772100121,1,"X-Force, X-Men, X-O",50.0,1.5,0.0,,Minor,1st app. of the Acolytes,1st appearance,,,Action; Adventure; Super-Heroes,Raw,0.0,NM assumed,,,https://clzcomics.r.sizr.io/core/covers/lg/c6/c6_103847_0_Rubicon.jpg,d290b9d07f7a4c1aa3d21785388b94ad,103847,8878,2021-05-02,2026-07-04,Comic,In Collection,My comic collection,No,USA,English,No,431
Spider-Man,Museum Candidate,Low,85,75,90,No,1,Yes,Yes,No,Yes,"Assumed NM, not verified","Spider-Man / Deadpool, Vol. 1",1A,1,A,"Isn't It Bromantic?, Part One / Visions of the Future",Ed McGuinness Regular Cover,Marvel Comics,,Modern,"Jan 06, 2016",Mar 2016,Mar 2016,75960608254400111,1,High Value Bin,50.0,3.99,0.0,,Minor,1st Issue,First/Last/Nth issue,Isn't It Bromantic?,,Super-Heroes,Raw,0.0,NM assumed,,,https://clzcomics.r.sizr.io/core/covers/lg/74/74_426954_0_.jpg,ee99db237d8946759efd64a6f00d6590,426954,65962,2021-05-02,2026-07-04,Comic,In Collection,My comic collection,No,USA,English,No,449
Spider-Man,Inventory Review,Low,70,55,90,No,1,Yes,No,No,Yes,"Assumed NM, not verified","Spider-Man, Vol. 1",13,13,,Part One,,Marvel Comics,Spider-Man,Modern,Aug 1991,Aug 1991,Aug 1991,07148601321108,1,High Value Bin,55.0,1.75,0.0,,Minor,Spider-man's black costume returns,New costume,Sub-City,,Action; Adventure; Super-Heroes,Raw,0.0,NM assumed,,,https://clzcomics.r.sizr.io/core/covers/lg/a3/a3_111607_0_PartOne.jpg,282602161d2c4c0dab49ed197cf80760,111607,9676,2021-05-03,2026-07-04,Comic,In Collection,My comic collection,No,USA,English,No,474
X-Men,Museum Candidate,Low,75,85,90,No,1,Yes,Yes,No,No,,Deadpool's Secret Secret Wars,2C,2,C,,Variant Cover,Marvel Comics,,Modern,"Jun 17, 2015",Aug 2015,Aug 2015,75960608210000231,1,Wall Display,95.0,3.99,3.99,,Minor,1st Cover app. of Gwenpool,1st cover appearance,,Secret Wars,Action; Adventure; Super-Heroes,Raw,9.4,9.4,,,https://clzcomics.r.sizr.io/core/covers/lg/9a/9a_403621_0_.jpg,9c282f2a4cbb494ca0f26f48fa27b219,403621,60969,2021-05-03,2026-07-04,Comic,In Collection,My comic collection,No,USA,English,No,509
First Appearances,Museum Candidate,Low,85,85,75,No,1,Yes,Yes,No,Yes,"Assumed NM, not verified","Infinity Gauntlet, Vol. 2",1B,1,B,,Skottie Young Baby Variant Cover,Marvel Comics,,Modern,"May 27, 2015",Jul 2015,Jul 2015,75960608220900121,1,22,50.0,3.99,0.0,,Minor,1st app. of The Bakians,1st appearance,,Secret Wars: Warzones,Action; Adventure; Super-Heroes,Raw,0.0,NM assumed,,,https://clzcomics.r.sizr.io/core/covers/lg/61/61_400157_0_.jpg,12d754f95e11467992b204228299e894,400157,60971,2021-05-06,2026-07-04,Comic,In Collection,My comic collection,No,USA,English,No,630
First Appearances,Museum Candidate,Low,75,75,75,No,1,Yes,Yes,No,No,,Infinity Gauntlet,1,1,,God,,Marvel Comics,,Modern,"May 21, 1991",Jul 1991,Jul 1991,07148601769101,1,22,90.0,2.5,2.5,,Major,1st issue,First/Last/Nth issue,,Infinity Gauntlet,Action; Adventure; Super-Heroes,Raw,9.4,9.4,,,https://clzcomics.r.sizr.io/core/covers/lg/cc/cc_55629_0_God.jpg,10b202a8f72d4dffa95ff5e215da7a86,55629,4812,2021-05-06,2026-07-04,Comic,In Collection,My comic collection,No,USA,English,No,631
First Appearances,Museum Candidate,Low,75,75,75,No,1,Yes,Yes,No,Yes,"Assumed NM, not verified",Infinity Gauntlet,2,2,,From Bad to Worse,,Marvel Comics,,Modern,"Jun 18, 1991",Aug 1991,Aug 1991,07148601769102,1,22,60.0,2.5,0.0,,Minor,1st app. of Epoch,1st appearance,,Infinity Gauntlet,Action; Adventure; Super-Heroes,Raw,0.0,NM assumed,,,https://clzcomics.r.sizr.io/core/covers/lg/f1/f1_55630_0_FromBadtoWorse.jpg,977a26aec5f944e8a60e97f20afb4132,55630,4812,2021-05-06,2026-07-04,Comic,In Collection,My comic collection,No,USA,English,No,636
First Appearances,Museum Candidate,Low,75,75,75,No,1,Yes,Yes,No,Yes,"Assumed NM, not verified",The Thanos Quest,1A,1,A,Schemes and Dreams,1st Printing,Marvel Comics,,Modern,"Jul 03, 1990",Sep 1990,Sep 1990,02488523232501,1,29,50.0,4.95,0.0,,Major,"1st usage of the name ""Infinity Gems""",1st appearance,,,Action; Adventure; Super-Heroes,Raw,0.0,NM assumed,,,https://clzcomics.r.sizr.io/core/covers/lg/b8/b8_90507_0_TheThanosQuest1A.jpg,8a850cc508954e2d931065c1560b79d4,90507,7751,2021-05-06,2026-07-04,Squarebound,In Collection,My comic collection,No,USA,English,No,667
Spider-Man,Inventory Review,Low,70,55,80,No,1,Yes,No,No,Yes,"Assumed NM, not verified","The Amazing Spider-Man, Vol. 3",1.3A,1,.3A,Part Three,Regular Alex Ross Cover,Marvel Comics,Spider-Man,Modern,"Jul 09, 2014",Sep 2014,Sep 2014,75960607961200311,1,4,10.0,3.99,0.0,,Minor,Origin of Spider-Man retold,1st appearance,Learning to Crawl,,Action; Adventure; Super-Heroes,Raw,0.0,NM assumed,,,https://clzcomics.r.sizr.io/core/covers/lg/89/89_372121_0_PartThree.jpg,58d5ccacde614ed398f949fae27e2280,372121,54411,2021-05-06,2026-07-04,Comic,In Collection,My comic collection,No,USA,English,No,668
Spider-Man,Inventory Review,Low,70,55,75,No,1,Yes,Yes,No,Yes,"Assumed NM, not verified; Missing barcode; Key with zero current price","The Amazing Spider-Man, Vol. 1",365A,365,A,30th Anniversary,Direct Edition,Marvel Comics,Spider-Man,Modern,Aug 1992,Aug 1992,Aug 1992,,1,High Value Bin,0.0,3.95,3.95,,Major,1st app. of Spider-Man 2099,1st appearance,Fathers And Sins,,Action; Adventure; Super-Heroes,Raw,0.0,NM assumed,,,https://clzcomics.r.sizr.io/core/covers/lg/9a/9a_700339_0_TheAmazingSpiderManVol1365A.jpg,4500c7c8458647b3beffcea979cf8ff7,700339,705,2021-05-07,2026-07-04,Comic,In Collection,My comic collection,No,USA,English,No,702
Spider-Man,Inventory Review,Low,70,55,75,No,1,Yes,No,No,Yes,"Assumed NM, not verified; Key with zero current price","Web of Spider-Man, Vol. 1",90A,90,A,The Spider's Thread,Direct Edition,Marvel Comics,Spider-Man,Modern,"May 05, 1992",Jul 1992,Jul 1992,07148602527607,1,High Value Bin,0.0,2.95,2.95,,Minor,30th Anniversary,First/Last/Nth issue,,,Action; Adventure; Super-Heroes,Raw,0.0,NM assumed,,,https://clzcomics.r.sizr.io/core/covers/lg/f8/f8_659919_0_TheSpidersThread.jpg,be4ade9fe4044a259cb371c9f36a1de8,659919,8494,2021-05-07,2026-07-04,Comic,In Collection,My comic collection,No,USA,English,No,704
Sci-Fi,Museum Candidate,Low,75,75,75,No,1,Yes,Yes,No,Yes,"Assumed NM, not verified",Thor: God of Thunder,8,8,,Part Two: God in Chains,1st Printing,Marvel Comics,Thor,Modern,"May 08, 2013",Jul 2013,Jul 2013,75960607913100811,1,"Thor, Unity, Venom, WW",60.0,3.99,0.0,,Minor,1st app. of the Goddesses of Thunder,1st appearance,Godbomb,,Action; Adventure; Fantasy; Super-Heroes,Raw,0.0,NM assumed,,,https://clzcomics.r.sizr.io/core/covers/lg/86/86_331097_0_ThorGodofThunder8.jpg,c7c4d52671f649a2a4ffa4a6b8fb9614,331097,47240,2021-05-07,2026-07-04,Comic,In Collection,My comic collection,No,USA,English,No,713
Sci-Fi,Museum Candidate,Low,75,75,75,No,1,Yes,Yes,No,Yes,"Assumed NM, not verified",All-New Captain America,1A,1,A,,Regular Stuart Immonen Cover,Marvel Comics,Captain America,Modern,"Nov 12, 2014",Jan 2015,Jan 2015,75960608115800111,1,Wall Display,55.0,3.99,0.0,,Minor,1st solo series of Sam Wilson as Captain America,First/Last/Nth issue,,,Action; Adventure; Super-Heroes,Raw,0.0,NM assumed,,,https://clzcomics.r.sizr.io/core/covers/lg/77/77_381096_0_.jpg,c004a738a93345a9aabe2ea85bf48bb2,381096,57606,2021-05-07,2026-07-04,Comic,In Collection,My comic collection,No,USA,English,No,767
X-Men,Museum Candidate,Low,75,75,90,No,1,Yes,Yes,No,Yes,"Assumed NM, not verified; Missing barcode","X-Force, Vol. 1",8A,8,A,Part 1: Flashed Before My Eyes,Direct Edition,Marvel Comics,X-Force,Modern,"Jan 28, 1992",Mar 1992,Mar 1992,,1,"X-Force, X-Men, X-O",60.0,1.25,0.0,,Minor,1st app. of the Six Pack,1st appearance,X-Tenuating Circumstances,,Action; Adventure; Super-Heroes,Raw,0.0,NM assumed,,,https://clzcomics.r.sizr.io/core/covers/lg/86/86_673447_0_Part1FlashedBeforeMyEyes.jpg,24c6adbf7860456d80d7c2db6fdb960e,673447,8870,2021-05-07,2026-07-04,Comic,In Collection,My comic collection,No,USA,English,No,784
Spider-Man,Inventory Review,Low,70,55,80,No,1,Yes,No,No,Yes,"Assumed NM, not verified","Carnage, Vol. 1",1A,1,A,Part One,Clayton Crain Regular Cover,Marvel Comics,Carnage,Modern,"Oct 20, 2010",Dec 2010,Dec 2010,75960607369600111,1,11,18.0,3.99,0.0,,Minor,1st app. of Tanis Nieves,1st appearance,Carnage,,Action; Adventure; Super-Heroes,Raw,0.0,NM assumed,,,https://clzcomics.r.sizr.io/core/covers/lg/ac/ac_256381_0_CarnageVol11A.jpg,57bef768b22d4df4a21237f015dd5cb8,256381,35325,2021-05-07,2026-07-04,Comic,In Collection,My comic collection,No,USA,English,No,803
First Appearances,Museum Candidate,Low,78,67,75,No,1,Yes,No,No,Yes,"Assumed NM, not verified",Secret Wars (2015),1A,1,A,The End Times,Regular Alex Ross Cover,Marvel Comics,Secret Wars,Modern,"May 06, 2015",Jul 2015,Jul 2015,75960608230800111,1,26,30.0,4.99,0.0,,Minor,1st cameo app. of God Emperor Doom,1st cameo appearance,,Secret Wars,Action; Adventure; Super-Heroes,Raw,0.0,NM assumed,,,https://clzcomics.r.sizr.io/core/covers/lg/77/77_396841_0_SecretWars20151A.jpg,1073c1b80f53494b8852fdc1637194d4,396841,60369,2021-05-07,2026-07-04,Comic,In Collection,My comic collection,No,USA,English,No,808
First Appearances,Museum Candidate,Low,85,75,63,No,1,Yes,Yes,No,Yes,"Assumed NM, not verified","WildC.A.T.s, Vol. 1",1I,1,I,Resurrection Day,Newsstand Edition,Image Comics,WildC.A.T.S,Modern,Aug 1992,Aug 1992,Aug 1992,07098933247801,1,High Value Bin,65.0,1.95,0.0,,Minor,1st team app. of WildC.A.T.S,1st team appearance,,,Action; Adventure; Super-Heroes,Raw,0.0,NM assumed,,,https://clzcomics.r.sizr.io/core/covers/lg/cf/cf_740551_0_WildCATsVol11I.jpg,a79964860da148f5b2d62d7ea6e4c620,740551,18543,2021-05-08,2026-07-04,Comic,In Collection,My comic collection,No,USA,English,No,848
Good Girl / Risqué Covers,Museum Candidate,Low,80,65,60,No,1,Yes,No,No,Yes,"Assumed NM, not verified; Key with zero current price",DCeased,1Y,1,Y,Going Viral,Frankie's Comics Exclusive Jeehyung Lee Virgin Variant,DC Comics,,Modern,"May 01, 2019",Jul 2019,Jul 2019,76194135976200159,1,13,0.0,3.99,3.99,,Minor,1st app. of the DCeased,1st appearance,,,Horror; Super-Heroes,Raw,0.0,NM assumed,,,https://clzcomics.r.sizr.io/core/covers/lg/4a/4a_622293_0_DCeased1.jpg,f6e28f6bc5774f26820ad7e8bacfd3d8,622293,89713,2021-05-08,2026-07-04,Comic,In Collection,My comic collection,No,USA,English,No,890
Spider-Man,Museum Candidate,Low,80,65,75,No,1,Yes,No,No,Yes,"Assumed NM, not verified; Key with zero current price","The Amazing Spider-Man, Vol. 5",1AD,1,AD,Part 1,Adam Hughes Just Say AH! SDCC Convention Exclusive Virgin Variant Cover D,Marvel Comics,Spider-Man,Modern,"Jul 11, 2018",Sep 2018,Sep 2018,75960608936900159,1,4,0.0,5.99,5.99,,Minor,1st app. of Kindred,1st appearance,Back To Basics,,Super-Heroes,Raw,0.0,NM assumed,,,https://clzcomics.r.sizr.io/core/covers/lg/72/72_580263_0_Part1.jpg,a36c5e53b3e54b0e9c514612fb514ba1,580263,83428,2021-05-08,2026-07-04,Comic,In Collection,My comic collection,No,USA,English,No,895
Spider-Man,Museum Candidate,Low,80,65,75,No,1,Yes,No,No,Yes,"Assumed NM, not verified; Key with zero current price",Peter Parker: The Spectacular Spider-Man,300P,300,P,,Adam Hughes Variant C,Marvel Comics,,Modern,"Feb 28, 2018",,,75960608814030023,1,High Value Bin,0.0,5.99,5.99,,Minor,1st team app. of Venomi,1st team appearance,,,Super-Heroes,Raw,0.0,NM assumed,,,https://clzcomics.r.sizr.io/core/covers/lg/a5/a5_548898_0_PeterParkerTheSpectacularSpide.jpg,5671d9d6c0a64cb3b7cb964423a4ec83,548898,75018,2021-05-08,2026-07-04,Comic,In Collection,My comic collection,No,USA,English,No,896
Spider-Man,Museum Candidate,Low,88,77,80,No,1,Yes,No,No,Yes,"Assumed NM, not verified","The Amazing Spider-Man, Vol. 4",800W,800,W,Part 4: Conclusion,Adam Hughes Just Say AH! Retailer Exclusive Color Splash Virgin Variant Cover B,Marvel Comics,Spider-Man,Modern,"May 30, 2018",Jul 2018,Jul 2018,75960608765580049,1,4,24.0,9.99,0.0,,Minor,1st full app. of Normie Osborn as Goblin Childe,1st appearance,Go Down Swinging,,Super-Heroes,Raw,0.0,NM assumed,,,https://clzcomics.r.sizr.io/core/covers/lg/c5/c5_574799_0_Part4Conclusion.jpg,53e7cc8c1e8d4dd8a08d07b4be0cddde,574799,64163,2021-05-08,2026-07-04,Comic,In Collection,My comic collection,No,USA,English,No,897
Batman,Museum Candidate,Low,85,75,90,No,1,Yes,Yes,No,Yes,"Assumed NM, not verified","Batman, Vol. 2",1A,1,A,Knife Trick,1st Print,DC Comics,Batman,Modern,"Sep 21, 2011",Nov 2011,Nov 2011,76194130640700111,1,High Value Bin,65.0,2.99,0.0,,Minor,1st cameo app. of Harper Row (later becomes Bluebird),1st cameo appearance,The Court of Owls,,Action; Adventure; Super-Heroes,Raw,0.0,NM assumed,,,https://clzcomics.r.sizr.io/core/covers/lg/59/59_287973_0_KnifeTrick.jpg,eb82c3572a344aad9e08195e3c2879ba,287973,41312,2021-05-09,2026-07-04,Comic,In Collection,My comic collection,No,USA,English,No,898
Spider-Man,Museum Candidate,Low,75,75,90,No,1,Yes,Yes,No,No,,"The Amazing Spider-Man, Vol. 1",361A,361,A,Part 1: Savage Genesis!,Direct Edition,Marvel Comics,Spider-Man,Modern,"Feb 11, 1992",Apr 1992,Apr 1992,00928102457604,1,Wall Display,400.0,1.25,1.25,,Major,1st full app. of Carnage,1st full appearance,Carnage,,Action; Adventure; Super-Heroes,Raw,9.6,9.6,,,https://clzcomics.r.sizr.io/core/covers/lg/b0/b0_8243_0_AmazingSpiderManVol1361APart1S.jpg,e1ec071477bb46a38165acac4d466d9b,8243,705,2021-05-09,2026-07-04,Comic,In Collection,My comic collection,No,USA,English,No,899
Spider-Man,Museum Candidate,Low,90,90,90,No,1,Yes,Yes,No,No,,"The Amazing Spider-Man, Vol. 1",252B,252,B,Homecoming!,Newsstand Edition,Marvel Comics,Spider-Man,Bronze,"Jan 31, 1984",May 1984,May 1984,0714860245705,1,Wall Display,270.0,0.6,0.6,,Major,1st app. of Spider-Man's black costume,1st appearance,,,Action; Adventure; Super-Heroes,Raw,9.0,9.0,,,https://clzcomics.r.sizr.io/core/covers/lg/b9/b9_747262_0_TheAmazingSpiderManVol1252B.jpg,18e8db3c35b249a28ced142f7df2c669,747262,705,2021-05-09,2026-07-04,Comic,In Collection,My comic collection,No,USA,English,No,901
Spider-Man,Museum Candidate,Low,85,75,90,No,1,Yes,Yes,No,No,,"The Amazing Spider-Man, Vol. 1",316A,316,A,Dead Meat,Direct Edition,Marvel Comics,Spider-Man,Modern,"Feb 14, 1989",Jun 1989,Jun 1989,07148602457606,1,High Value Bin,170.0,1.0,1.0,,Major,1st cover app. of Venom,1st cover appearance,,,Action; Adventure; Super-Heroes,Raw,8.0,8.0,,,https://clzcomics.r.sizr.io/core/covers/lg/1a/1a_8198_0_AmazingSpiderManVol1316DeadMea.jpg,e9bc0ddd10ce4dba9947a80cb2e0611c,8198,705,2021-05-09,2026-07-04,Comic,In Collection,My comic collection,No,USA,English,No,905
Spider-Man,Inventory Review,Low,70,55,90,No,1,Yes,Yes,No,Yes,Missing barcode,"The Amazing Spider-Man, Vol. 1",301A,301,A,The Sable Gauntlet,Direct Edition,Marvel Comics,Spider-Man,Modern,Jun 1988,Jun 1988,Jun 1988,,1,High Value Bin,110.0,1.0,1.0,,Minor,Classic Todd McFarlane cover,Cover,,,Action; Adventure; Super-Heroes,Raw,8.0,8.0,,,https://clzcomics.r.sizr.io/core/covers/lg/d2/d2_8183_0_AmazingSpiderManVol1301ATheSab.jpg,8db80314910345cdbd1a98087091b97e,8183,705,2021-05-09,2026-07-04,Comic,In Collection,My comic collection,No,USA,English,No,906
Spider-Man,Museum Candidate,Low,75,75,90,No,1,Yes,Yes,No,Yes,"Assumed NM, not verified","Spider-Man, Vol. 1",1A,1,A,Part One,Yellow and Green Cover,Marvel Comics,Spider-Man,Modern,"Jun 20, 1990",Aug 1990,Aug 1990,00928101321101,1,Wall Display,50.0,1.75,0.0,,Major,"1st Todd McFarlane Spider-man issue, iconic cover",Cover,Torment,,Action; Adventure; Super-Heroes,Raw,0.0,NM assumed,,,https://clzcomics.r.sizr.io/core/covers/lg/03/03_111592_0_SpiderManVol11A.jpg,efcd5bc5a589407da3a135e7f1b397d9,111592,9676,2021-05-09,2026-07-04,Comic,In Collection,My comic collection,No,USA,English,No,908
Spider-Man,Museum Candidate,Low,78,67,90,No,1,Yes,Yes,No,Yes,"Assumed NM, not verified; Missing barcode","Spider-Man, Vol. 1",1B,1,B,Part One,Silver and Black Cover,Marvel Comics,Spider-Man,Modern,Aug 1990,Aug 1990,Aug 1990,,1,High Value Bin,46.0,1.75,0.0,,Major,"1st Todd McFarlane Spider-man issue, iconic cover",Cover,Torment,,Action; Adventure; Super-Heroes,Raw,0.0,NM assumed,,,https://clzcomics.r.sizr.io/core/covers/lg/20/20_111595_0_SpiderMan1BTormentPart1.jpg,e8f76e80d5e94d9d894dc06d12dc4c76,111595,9676,2021-05-09,2026-07-04,Comic,In Collection,My comic collection,No,USA,English,No,909
Spider-Man,Museum Candidate,Low,75,85,90,No,1,Yes,Yes,No,Yes,Missing barcode,"Spider-Man, Vol. 1",1E,1,E,Part One,Second Printing Gold & Black Variant Cover,Marvel Comics,Spider-Man,Modern,Aug 1990,Aug 1990,Aug 1990,,1,,55.0,1.75,1.75,,Major,"1st Todd McFarlane Spider-man issue, iconic cover",Cover,Torment,,Action; Adventure; Super-Heroes,Raw,8.0,8.0,,,https://clzcomics.r.sizr.io/core/covers/lg/e3/e3_134077_0_PartOne.jpg,d15d41bb3ff44639aace0cb55276eaaf,134077,9676,2021-05-09,2026-07-04,Comic,In Collection,My comic collection,No,USA,English,No,910
Spider-Man,Museum Candidate,Low,85,75,90,No,1,Yes,Yes,No,Yes,Missing barcode,"The Amazing Spider-Man, Vol. 1",299A,299,A,Survival Of The Hittist!,Direct Edition,Marvel Comics,Spider-Man,Modern,Apr 1988,Apr 1988,Apr 1988,,1,High Value Bin,140.0,0.75,0.75,,Major,1st cameo app. Of Venom,1st cameo appearance,,,Action; Adventure; Super-Heroes,Raw,9.0,9.0,,,https://clzcomics.r.sizr.io/core/covers/lg/64/64_8181_0_SurvivalOfTheHittist.jpg,4898ce412e284038902ab948c7a7ea86,8181,705,2021-05-09,2026-07-04,Comic,In Collection,My comic collection,No,USA,English,No,911
Spider-Man,Investment Hold / Review,Low,70,75,90,Yes,3,Yes,Yes,No,Yes,Duplicate/quantity check,"The Amazing Spider-Man, Vol. 1",298A,298,A,Chance Encounter,Direct Edition,Marvel Comics,Spider-Man,Modern,Mar 1988,Mar 1988,Mar 1988,07148602457603,1,High Value Bin,140.0,0.75,0.75,,Major,1st cameo app. of Eddie Brock / 1st cover art by Todd McFarlane,1st cameo appearance,,,Action; Adventure; Super-Heroes,Raw,9.0,9.0,,,https://clzcomics.r.sizr.io/core/covers/lg/08/08_8180_0_AmazingSpiderManVol1298ChanceE.jpg,1a2cf3411dd249c8a15a060bb987025e,8180,705,2021-05-09,2026-07-04,Comic,In Collection,My comic collection,No,USA,English,No,912
Spider-Man,Museum Candidate,Low,75,70,85,No,1,No,No,No,Yes,Missing barcode,"The Amazing Spider-Man, Vol. 1",90,90,,And Death Shall Come!,,Marvel Comics,Spider-Man,Bronze,Nov 1970,Nov 1970,Nov 1970,,1,Wall Display,160.0,0.15,0.15,,Minor,Death of Captain Stacy,Death,,,Action; Adventure; Super-Heroes,Slabbed,7.5,7.5,Stan Lee,,https://clzcomics.r.sizr.io/core/covers/lg/66/66_7928_0_TheAmazingSpiderManVol190A.jpg,aa8f1d1af11745e6945b88ad0219b554,7928,705,2021-05-09,2026-07-04,Comic,In Collection,My comic collection,No,USA,English,No,913
Superman,Museum Candidate,Low,78,77,90,No,1,Yes,No,No,Yes,"Assumed NM, not verified","Supergirl, Vol. 7",36B,36,B,,Variant Derrick Chew Card Stock Cover,DC Comics,,Modern,"Nov 20, 2019",,,76194134190303621,1,Wall Display,28.0,4.99,0.0,,Minor,1st full app. of The Supergirl Who Laughs,1st full appearance,,,Super-Heroes,Raw,0.0,NM assumed,,,https://clzcomics.r.sizr.io/core/covers/lg/e2/e2_631495_0_WhosLaughingNow.jpg,247f80d0095745d9bebdfea03d40ac1c,631495,70341,2021-05-09,2026-07-04,Comic,In Collection,My comic collection,No,USA,English,No,917
X-Men,Museum Candidate,Low,75,75,90,No,1,Yes,Yes,No,Yes,"Assumed NM, not verified; Missing barcode","New Mutants, Vol. 1",100A,100,A,The End Of The Beginning,Direct Edition,Marvel Comics,New Mutants,Modern,"Feb 13, 1991",Apr 1991,Apr 1991,,1,Wall Display,55.0,1.5,0.0,,Minor,1st team app. of X-Force,1st team appearance,,,Action; Adventure; Super-Heroes,Raw,0.0,NM assumed,Rob Leifield,,https://clzcomics.r.sizr.io/core/covers/lg/84/84_715722_0_NewMutantsVol1100A.jpg,9e25205f556d4f52aecebcca7314ea3c,715722,6433,2021-05-09,2026-07-04,Comic,In Collection,My comic collection,No,USA,English,No,921
First Appearances,Museum Candidate,Low,88,77,65,No,1,Yes,No,No,Yes,"Assumed NM, not verified",Gwen Stacy,1D,1,D,,Variant Jeehyung Lee Cover,Marvel Comics,,Modern,"Feb 12, 2020",Apr 2020,Apr 2020,75960609819400141,1,High Value Bin,20.0,4.99,0.0,,Minor,1st team app. of the A-Gwen-Gers,1st team appearance,,,Action; Adventure; Super-Heroes,Raw,0.0,NM assumed,,,https://clzcomics.r.sizr.io/core/covers/lg/58/58_652582_0_.jpg,80b16b3a30de4cc999a69fcae9d70bcc,652582,95665,2021-05-09,2026-07-04,Comic,In Collection,My comic collection,No,USA,English,No,928
Good Girl / Risqué Covers,Inventory Review,Low,73,57,65,No,1,Yes,No,No,Yes,"Assumed NM, not verified","Marauders, Vol. 1",3C,3,C,,Golden Apple Jeehyung Lee Virgin Kitty Pryde Red Queen Variant Dx,Marvel Comics,,Modern,"Dec 04, 2019",,,75960609468400331,1,Wall Display,22.0,3.99,0.0,,Minor,Shinobi Shaw becomes the Black Bishop,Story event,,,Super-Heroes,Raw,0.0,NM assumed,,,https://clzcomics.r.sizr.io/core/covers/lg/ee/ee_653456_0_MaraudersVol13C.jpg,340da98def2441f7a5e1a247f0f30e89,653456,92420,2021-05-09,2026-07-04,Comic,In Collection,My comic collection,No,USA,English,No,932
Spider-Man,Inventory Review,Low,70,55,85,No,1,No,No,No,No,,"The Amazing Spider-Man, Vol. 1",362A,362,A,Part 2: Savage Alliance!,,Marvel Comics,Spider-Man,Modern,"Mar 10, 1992",May 1992,May 1992,07148602457605,1,High Value Bin,150.0,1.25,1.25,,Minor,2nd app. of Carnage,2nd appearance,Carnage,,Action; Adventure; Super-Heroes,Slabbed,9.6,9.6,,,https://clzcomics.r.sizr.io/core/covers/lg/89/89_8095_0_AmazingSpiderManVol1362APart2S.jpg,8b2411057b3f4fc3872831b0cd287106,8095,705,2021-05-10,2026-07-04,Comic,In Collection,My comic collection,No,USA,English,No,935
First Appearances,Museum Candidate,Low,75,85,75,No,1,Yes,Yes,No,No,,Secret Wars (2015),1S,1,S,The End Times,HeroesCon Variant,Marvel Comics,Secret Wars,Modern,"May 06, 2015",May 2015,May 2015,75960608230800128,1,Wall Display,110.0,4.99,4.99,,Minor,1st cameo app. of God Emperor Doom,1st cameo appearance,,Secret Wars,Action; Adventure; Super-Heroes,Raw,9.4,9.4,,,https://clzcomics.r.sizr.io/core/covers/lg/7a/7a_410417_0_SecretWars20151AK.jpg,18ab1bba60f347f2baa736e8e3b8eb90,410417,60369,2021-05-12,2026-07-04,Comic,In Collection,My comic collection,No,USA,English,No,952
First Appearances,Museum Candidate,Low,85,75,75,No,1,Yes,Yes,No,Yes,"Assumed NM, not verified; Missing barcode","Death's Head II, Vol. 1",1A,1,A,Part 1: Mergers And Acquisitions,,Marvel Comics,Death's Head,Modern,"Jan 21, 1992",Mar 1992,Mar 1992,,1,High Value Bin,50.0,1.75,0.0,,Minor,1st app. of Minion,1st appearance,The Wild Hunt,,Super-Heroes,Raw,0.0,NM assumed,,,https://clzcomics.r.sizr.io/core/covers/lg/f1/f1_33491_0_DeathsHeadII1TheWildHuntPartOn.jpg,2c005215bd9e40ce901e124c08e3a2d2,33491,2824,2021-05-14,2026-07-04,Comic,In Collection,My comic collection,No,USA,English,No,1194
Batman,Museum Candidate,Low,85,75,90,No,1,Yes,Yes,No,Yes,"Assumed NM, not verified","Batman Incorporated, Vol. 1",5A,5,A,Masterspy,,DC Comics,Batman,Modern,"Apr 27, 2011",May 2011,May 2011,76194129661600511,1,High Value Bin,60.0,2.99,0.0,,Minor,1st app. of Batwing (Luke Fox),1st appearance,,,Action; Adventure; Super-Heroes,Raw,0.0,NM assumed,,,https://clzcomics.r.sizr.io/core/covers/lg/57/57_267869_0_Masterspy.jpg,18d1546199e74601843be651a6e9b05e,267869,35735,2021-05-18,2026-07-04,Comic,In Collection,My comic collection,No,USA,English,No,1253
First Appearances,Museum Candidate,Low,78,67,63,No,1,Yes,No,No,Yes,"Assumed NM, not verified; Missing barcode","WildC.A.T.s, Vol. 1",2B,2,B,Revelations,Foil Prism cover,Image Comics,WildC.A.T.S,Modern,Oct 1992,Oct 1992,Oct 1992,,1,High Value Bin,28.0,2.5,0.0,,Minor,1st prismatic comic book cover,Cover,,,Action; Adventure; Super-Heroes,Raw,0.0,NM assumed,,,https://clzcomics.r.sizr.io/core/covers/lg/b6/b6_169787_0_WildCATsVol12B.jpg,3d2a0582323040898df66af43a08df76,169787,18543,2021-05-18,2026-07-04,Comic,In Collection,My comic collection,No,USA,English,No,1352
Investment Portfolio,Inventory Review,Low,70,55,75,No,1,Yes,No,No,Yes,"Assumed NM, not verified","Moon Knight, Vol. 7",1A,1,A,Slasher,Declan Shalvey Regular Cover,Marvel Comics,Moon Knight,Modern,"Mar 05, 2014",May 2014,May 2014,75960608001400111,1,High Value Bin,50.0,3.99,0.0,,Minor,Marc Spector assumes the moniker of Mr. Knight,Story event,,,Action; Adventure; Super-Heroes,Raw,0.0,NM assumed,,,https://clzcomics.r.sizr.io/core/covers/lg/d3/d3_358247_0_Slasher.jpg,a1957c03607d4fb5a2d51c61695a357c,358247,53881,2021-05-21,2026-07-04,Comic,In Collection,My comic collection,No,USA,English,No,1402
First Appearances,Museum Candidate,Low,78,67,75,No,1,Yes,No,No,Yes,"Assumed NM, not verified",Sabretooth,1A,1,A,Home is the Hunter,,Marvel Comics,Sabretooth,Modern,Aug 1993,Aug 1993,Aug 1993,07148601523901,1,High Value Bin,32.0,2.95,0.0,,Minor,1st sabretooth solo series,First/Last/Nth issue,,,Action; Adventure; Super-Heroes,Raw,0.0,NM assumed,,,https://clzcomics.r.sizr.io/core/covers/lg/97/97_104735_0_HomeistheHunter.jpg,304ab6c11f6149ae888c6eab4eca45e8,104735,8991,2021-05-21,2026-07-04,Comic,In Collection,My comic collection,No,USA,English,No,1505
Superman,Museum Candidate,Low,75,75,90,No,1,Yes,Yes,No,Yes,"Assumed NM, not verified",The Adventures of Superman,500A,500,A,Life After Death,,DC Comics,Superman,Modern,"Apr 13, 1993",Jun 1993,Jun 1993,07098931140426,1,1,65.0,2.5,0.0,,Major,"1st app. of Steel, 1st app. of Superboy",1st appearance,,Funeral For a Friend,Action; Adventure; Super-Heroes,Raw,0.0,NM assumed,,,https://clzcomics.r.sizr.io/core/covers/lg/25/25_4803_0_TheAdventuresofSupermanVol1500.jpg,40fb648e943948459a4b9cedd6eb84df,4803,428,2021-05-21,2026-07-04,Comic,In Collection,My comic collection,No,USA,English,No,1517
First Appearances,Museum Candidate,Low,78,67,75,No,1,Yes,Yes,No,Yes,"Assumed NM, not verified",Legends of the DC Universe: Crisis on Infinite Earths,1,1,,Crisis on Infinite Earths- The Untold Story,,DC Comics,Legends of the DC Universe,Modern,"Dec 30, 1998",Feb 1999,Feb 1999,76194121396500111,1,High Value Bin,48.0,4.95,0.0,,Minor,1st app. of Justice Alliance,1st appearance,,Crisis On Infinite Earths,Action; Adventure; Super-Heroes,Raw,0.0,NM assumed,,,https://clzcomics.r.sizr.io/core/covers/lg/df/df_62659_0_CrisisonInfiniteEarthsTheUntol.jpg,68757f19f92d4ee3a3d7853a148b815c,62659,5424,2021-05-21,2026-07-04,Comic,In Collection,My comic collection,No,USA,English,No,1556
Spider-Man,Museum Candidate,Low,78,67,90,No,1,Yes,Yes,No,Yes,"Assumed NM, not verified",Venom: Lethal Protector,5,5,,Symbiocide,,Marvel Comics,Venom,Modern,"Apr 27, 1993",Jun 1993,Jun 1993,07148601202305,1,High Value Bin,48.0,2.95,0.0,,Minor,"1st app. of Lasher, Phage, Agony & Riot",1st appearance,,,Action; Adventure; Super-Heroes,Raw,0.0,NM assumed,,,https://clzcomics.r.sizr.io/core/covers/lg/ae/ae_96311_0_Symbiocide.jpg,c213f6e5409c4ae2b4ccd2e2fd3b5ed8,96311,8286,2021-05-21,2026-07-04,Comic,In Collection,My comic collection,No,USA,English,No,1557
Spider-Man,Museum Candidate,Low,85,75,90,No,1,Yes,Yes,No,Yes,"Assumed NM, not verified",Venom: Lethal Protector,4,4,,Deadly Birth,,Marvel Comics,Venom,Modern,"Mar 30, 1993",May 1993,May 1993,07148601202304,1,High Value Bin,55.0,2.95,0.0,,Minor,1st app. of Scream (Donna Diego),1st appearance,,,Adventure; Super-Heroes,Raw,0.0,NM assumed,,,https://clzcomics.r.sizr.io/core/covers/lg/e4/e4_96310_0_DeadlyBirth.jpg,c090149e6ce9401d8278acafc8ccecfb,96310,8286,2021-05-21,2026-07-04,Comic,In Collection,My comic collection,No,USA,English,No,1558
Spider-Man,Museum Candidate,Low,78,67,90,No,1,Yes,Yes,No,Yes,"Assumed NM, not verified",Venom: Lethal Protector,3,3,,A Verdict Of Violence,,Marvel Comics,Venom,Modern,"Feb 23, 1993",Apr 1993,Apr 1993,07148601202303,1,High Value Bin,46.0,2.95,0.0,,Minor,1st app. of Roland Treece,1st appearance,,,Adventure; Super-Heroes,Raw,0.0,NM assumed,,,https://clzcomics.r.sizr.io/core/covers/lg/fc/fc_96309_0_AVerdictOfViolence.jpg,f3ef1249c5114b4c8bf3b1fd78eeb2e4,96309,8286,2021-05-21,2026-07-04,Comic,In Collection,My comic collection,No,USA,English,No,1559
Spider-Man,Museum Candidate,Low,78,67,90,No,1,Yes,Yes,No,Yes,"Assumed NM, not verified",Venom: Lethal Protector,2,2,,War And Pieces,,Marvel Comics,Venom,Modern,"Jan 26, 1993",Mar 1993,Mar 1993,07148601202302,1,High Value Bin,40.0,2.95,0.0,,Minor,1st app. of The Jury,1st appearance,,,Adventure; Super-Heroes,Raw,0.0,NM assumed,,,https://clzcomics.r.sizr.io/core/covers/lg/f0/f0_96308_0_WarAndPieces.jpg,c6f650836acf4c93965984138c875589,96308,8286,2021-05-21,2026-07-04,Comic,In Collection,My comic collection,No,USA,English,No,1560
Sci-Fi,Museum Candidate,Low,78,57,55,No,1,Yes,No,No,Yes,"Assumed NM, not verified","Turok: Dinosaur Hunter, Vol. 1",1A,1,A,Cold Blood Blazing,Cvr A Chromium Cover Var Sears,Valiant Entertainment,,Modern,Jul 1993,Jul 1993,Jul 1993,71689287065100111,1,High Value Bin,36.0,3.5,0.0,,Minor,1st app. of Mon-Ark,1st appearance,,,Action; Adventure; Science Fiction; Super-Heroes,Raw,0.0,NM assumed,,,https://clzcomics.r.sizr.io/core/covers/lg/90/90_93354_0_ColdBloodBlazing.jpg,44474bb46d64472c9cf39c01749c18f7,93354,8014,2021-05-21,2026-07-04,Comic,In Collection,My comic collection,No,USA,English,No,1570
First Appearances,Museum Candidate,Low,75,75,75,No,1,Yes,Yes,No,Yes,"Assumed NM, not verified",The Infinity War,6,6,,The Animus Engagement,Gatefold Wraparound Cover,Marvel Comics,The Infinity War,Modern,"Sep 22, 1992",Nov 1992,Nov 1992,07148601934306,1,22,65.0,2.5,0.0,,Minor,2nd cameo app. of the Goddess,1st cameo appearance,,Infinity War,Action; Adventure; Super-Heroes,Raw,0.0,NM assumed,,,https://clzcomics.r.sizr.io/core/covers/lg/56/56_55696_0_TheInfinityWar6A.jpg,9c7f554324134f1d84de6981c6a0a781,55696,4816,2021-05-21,2026-07-04,Comic,In Collection,My comic collection,No,USA,English,No,1586
First Appearances,Inventory Review,Low,70,55,60,No,1,Yes,Yes,No,Yes,"Assumed NM, not verified; Key with zero current price",Warlock and the Infinity Watch,1,1,,Judgement,,Marvel Comics,Warlock,Modern,"Dec 17, 1991",Feb 1992,Feb 1992,07148601897102,1,High Value Bin,0.0,1.75,1.75,,Major,1st team app. of Infinity Watch,1st team appearance,,,Action; Adventure; Super-Heroes,Raw,0.0,NM assumed,,,https://clzcomics.r.sizr.io/core/covers/lg/44/44_98539_0_Judgement.jpg,d4fc12d4f8264f4a8d94232eb1174d6b,98539,8450,2021-05-21,2026-07-04,Comic,In Collection,My comic collection,No,USA,English,No,1587
Sci-Fi,Museum Candidate,Low,78,67,75,No,1,Yes,Yes,No,Yes,"Assumed NM, not verified",DCU: Brave New World,1,1,,Look To The Skies... / Martian Manhunter / Omac / Prelude / Tv Eye on Me / Handle of The Teacup / The Trials of Shazam!,,DC Comics,,Modern,Aug 2006,Aug 2006,Aug 2006,76194125491300111,1,High Value Bin,40.0,1.0,0.0,,Minor,1st app. of Ryan Choi,1st appearance,,,Action; Anthology; Drama; Science Fiction; Super-Heroes,Raw,0.0,NM assumed,,,https://clzcomics.r.sizr.io/core/covers/lg/a9/a9_129868_0_DCUBraveNewWorld1BraveNewWorld.jpg,980bbfda06cf497c85222c9d964cc1c2,129868,11860,2021-05-22,2026-07-04,Comic,In Collection,My comic collection,No,USA,English,No,1726
Investment Portfolio,Inventory Review,Low,70,55,75,No,1,Yes,Yes,No,Yes,"Assumed NM, not verified; Missing barcode",Watchmen,12,12,,A Strong and Loving World,,DC Comics,,Modern,"Jun 23, 1987",Oct 1987,Oct 1987,,1,High Value Bin,70.0,1.5,0.0,,Major,Death of Rorschach,Death,,,Action; Adventure; Horror; Super-Heroes; Thriller,Raw,0.0,NM assumed,,,https://clzcomics.r.sizr.io/core/covers/lg/21/21_98898_0_AStrongandLovingWorld.jpg,54a7f46627e64745af4bcd92f78d6a73,98898,8475,2021-05-22,2026-07-04,Comic,In Collection,My comic collection,No,USA,English,No,1732
First Appearances,Museum Candidate,Low,78,67,75,No,1,Yes,Yes,No,Yes,"Assumed NM, not verified",Secret Invasion,8A,8,A,Part 8,Regular Gabriele Dell Otto Cover,Marvel Comics,Secret Invasion,Modern,"Dec 03, 2008",Jan 2009,Jan 2009,725130108852,1,High Value Bin,42.0,3.99,0.0,,Minor,1st team app. of H.A.M.M.E.R.,1st team appearance,,Secret Invasion,Action; Adventure; Super-Heroes,Raw,0.0,NM assumed,,,https://clzcomics.r.sizr.io/core/covers/lg/4c/4c_201601_0_Part8.jpg,ccaf99c66f5d465dbbd965e7f9bc06c9,201601,20752,2021-05-22,2026-07-04,Comic,In Collection,My comic collection,No,USA,English,No,1768
First Appearances,Museum Candidate,Low,85,75,75,No,1,Yes,Yes,No,Yes,"Assumed NM, not verified",Secret Invasion,1A,1,A,Part 1,Gabriele Dell'Otto Regular Cover,Marvel Comics,Secret Invasion,Modern,"Apr 02, 2008",Jun 2008,Jun 2008,75960606316100111,1,High Value Bin,60.0,3.99,0.0,,Minor,1st issue,First/Last/Nth issue,Secret Invasion,Secret Invasion,Action; Adventure; Super-Heroes,Raw,0.0,NM assumed,,,https://clzcomics.r.sizr.io/core/covers/lg/09/09_179732_0_Part1.jpg,ef8261b4231d4c11a14e03efbee19aef,179732,20752,2021-05-22,2026-07-04,Comic,In Collection,My comic collection,No,USA,English,No,1775
First Appearances,Museum Candidate,Low,75,75,75,No,1,Yes,Yes,No,Yes,"Assumed NM, not verified",Thor: God of Thunder,19.NOW-A,19,.NOW-A,Part One,Esad Ribic Regular Cover,Marvel Comics,Thor,Modern,"Feb 12, 2014",Apr 2014,Apr 2014,75960607913101911,1,"Thor, Unity, Venom, WW",60.0,3.99,0.0,,Minor,1st app. of Dario Agger,1st appearance,The Last Days of Midgard,,Action; Adventure; Fantasy; Super-Heroes,Raw,0.0,NM assumed,,,https://clzcomics.r.sizr.io/core/covers/lg/1d/1d_355385_0_PartOne.jpg,157ab0c4d7964daea590fc5e9fd2b6c9,355385,47240,2021-05-22,2026-07-04,Comic,In Collection,My comic collection,No,USA,English,No,1875
First Appearances,Museum Candidate,Low,85,75,75,No,1,Yes,Yes,No,Yes,"Assumed NM, not verified",The Irredeemable Ant-Man,1,1,,The Irredeemable Ant-Man,,Marvel Comics,,Modern,"Oct 04, 2006",Dec 2006,Dec 2006,75960605811200111,1,High Value Bin,50.0,2.99,0.0,,Major,"1st app. of 4th Ant-man, Eric O'Grady",1st appearance,,,Action; Adventure; Super-Heroes,Raw,0.0,NM assumed,,,https://clzcomics.r.sizr.io/core/covers/lg/dc/dc_135679_0_TheIrredeemableAntMan1TheIrred.jpg,51207fecb3b04ad69b6ec3d7a9f5ae2e,135679,12920,2021-05-22,2026-07-04,Comic,In Collection,My comic collection,No,USA,English,No,1909
First Appearances,Museum Candidate,Low,78,67,75,No,1,Yes,No,No,Yes,"Assumed NM, not verified","Nova, Vol. 5",1A,1,A,,Ed McGuinness Regular Cover,Marvel Comics,Nova,Modern,"Feb 20, 2013",Apr 2013,Apr 2013,75960607829500111,1,High Value Bin,30.0,3.99,0.0,,Minor,"1st solo title feat. Nova, Sam Alexander",First/Last/Nth issue,,,Action; Adventure; Super-Heroes,Raw,0.0,NM assumed,,,https://clzcomics.r.sizr.io/core/covers/lg/83/83_325360_0_.jpg,f532074d0cae4fff804b842cfe9bf035,325360,48387,2021-05-29,2026-07-04,Comic,In Collection,My comic collection,No,USA,English,No,2089
First Appearances,Investment Hold / Review,Low,70,65,60,No,1,Yes,No,No,Yes,"Assumed NM, not verified; Key with zero current price","Nova, Vol. 5",1C,1,C,,Skottie Young Baby Variant Cover,Marvel Comics,Nova,Modern,"Feb 20, 2013",Apr 2013,Apr 2013,75960607829500131,1,,0.0,3.99,3.99,,Minor,"1st solo title feat. Nova, Sam Alexander",First/Last/Nth issue,,,Action; Adventure; Super-Heroes,Raw,0.0,NM assumed,,,https://clzcomics.r.sizr.io/core/covers/lg/02/02_331048_0_NovaVol51C.jpg,6bb54212d6f045dbac87dbbeb456673d,331048,48387,2021-05-29,2026-07-04,Comic,In Collection,My comic collection,No,USA,English,No,2091
Sci-Fi,Museum Candidate,Low,100,90,75,No,1,Yes,Yes,No,Yes,"Assumed NM, not verified","Nova, Vol. 1",4,4,,Nova Against the Mighty Thor,,Marvel Comics,Nova,Bronze,Dec 1976,Dec 1976,Dec 1976,0714860235212,1,High Value Bin,70.0,0.3,0.0,,Minor,1st app. and origin of Corruptor,1st appearance,,,Super-Heroes,Raw,0.0,NM assumed,,,https://clzcomics.r.sizr.io/core/covers/lg/44/44_77097_0_NovaVol14NovaAgainsttheMightyT.jpg,0c51013521254f89b6619d65eb2674aa,77097,6605,2021-05-29,2026-07-04,Comic,In Collection,My comic collection,No,USA,English,No,2113
Bronze & Silver Age Keys,Museum Candidate,Low,100,90,75,No,1,Yes,Yes,No,Yes,"Assumed NM, not verified","Nova, Vol. 1",25,25,,World War 1 Continues: Invasion Of The Body Changers,,Marvel Comics,Nova,Bronze,May 1979,May 1979,May 1979,07148602352405,1,High Value Bin,70.0,0.4,0.0,,Minor,Final issue,First/Last/Nth issue,,,Super-Heroes,Raw,0.0,NM assumed,,,https://clzcomics.r.sizr.io/core/covers/lg/4c/4c_77095_0_WorldWar1ContinuesInvasionOfTh.jpg,4629e0283d2e4403b0358cdc58062074,77095,6605,2021-05-29,2026-07-04,Comic,In Collection,My comic collection,No,USA,English,No,2114
Sci-Fi,Inventory Review,Low,70,55,60,No,1,Yes,Yes,No,Yes,"Assumed NM, not verified; Key with zero current price","Nova, Vol. 4",8,8,,Part One,,Marvel Comics,Nova,Modern,Jan 2008,Jan 2008,Jan 2008,75960606064100811,1,High Value Bin,0.0,2.99,2.99,,Major,"1st app. of Cosmo,  1st app. of Knowhere",1st appearance,Knowhere,Annihilation: Conquest,Action; Adventure; Science Fiction; Super-Heroes,Raw,0.0,NM assumed,,,https://clzcomics.r.sizr.io/core/covers/lg/12/12_166384_0_PartOne.jpg,fb34560061d6422fb2fd8efdd1505682,166384,14836,2021-05-29,2026-07-04,Comic,In Collection,My comic collection,No,USA,English,No,2152
Sci-Fi,Museum Candidate,Low,75,85,75,No,1,Yes,Yes,No,Yes,"Assumed NM, not verified","Guardians of the Galaxy, Vol. 3",5E,5,E,,Milo Manara Variant Cover,Marvel Comics,Guardians of the Galaxy,Modern,"Jul 31, 2013",Sep 2013,Sep 2013,75960607830100551,1,20,50.0,3.99,0.0,,Major,1st full app. of Angela in the Marvel Universe,1st full appearance,,,Action; Adventure; Science Fiction; Super-Heroes,Raw,0.0,NM assumed,,,https://clzcomics.r.sizr.io/core/covers/lg/36/36_335075_0_GuardiansoftheGalaxyVol35E.jpg,e1e98eeeccaa4ca8a24cf1b776159600,335075,48386,2021-05-29,2026-07-04,Comic,In Collection,My comic collection,No,USA,English,No,2201
First Appearances,Museum Candidate,Low,85,75,75,No,1,Yes,Yes,No,Yes,"Assumed NM, not verified",DMZ,1A,1,A,Part 1,,DC Comics,DMZ,Modern,"Nov 16, 2005",Jan 2006,Jan 2006,76194124961200111,1,High Value Bin,65.0,2.99,0.0,,Minor,1st app. of Matthew Roth and Zee,1st appearance,On the Ground,,Action; Adventure; Drama; Mature; War,Raw,0.0,NM assumed,,,https://clzcomics.r.sizr.io/core/covers/lg/19/19_133965_0_OnTheGroundPart1.jpg,4b52a1741f28417492373782f4e40c75,133965,2967,2021-05-30,2026-07-04,Comic,In Collection,My comic collection,No,USA,English,No,2223
First Appearances,Investment Hold / Review,Low,70,65,60,No,1,Yes,No,No,Yes,"Assumed NM, not verified; Key with zero current price","Heroes Reborn, Vol. 1",1C,1,C,,Variant Stanley Artgerm Lau Cover,Marvel Comics,,Modern,"May 05, 2021",,,75960620075700131,1,21,0.0,5.99,5.99,,Minor,1st team app. of the Squadron Supreme of America,1st team appearance,,,Super-Heroes,Raw,0.0,NM assumed,,,https://clzcomics.r.sizr.io/core/covers/lg/d7/d7_748370_0_HeroesRebornVol11C.jpg,3b86bdc1a3394b05864aaefd064f78e1,748370,113178,2021-06-12,2026-07-04,Comic,In Collection,My comic collection,No,USA,English,No,2316
Batman,Museum Candidate,Low,78,77,90,No,1,Yes,No,No,Yes,"Assumed NM, not verified","The Joker, Vol. 2",1C,1,C,,Francesco Mattina Variant Cover,DC Comics,,Modern,"Mar 09, 2021",May 2021,May 2021,76194137222800131,1,8,28.0,4.99,0.0,,Minor,Premiere issue of the 2nd Joker title series,First/Last/Nth issue,,,Super-Heroes,Raw,0.0,NM assumed,,,https://clzcomics.r.sizr.io/core/covers/lg/56/56_737269_0_TheJokerVol21C.jpg,833e2fca30a94414b7beea472e012741,737269,111104,2021-06-12,2026-07-04,Comic,In Collection,My comic collection,No,USA,English,No,2319
Batman,Museum Candidate,Low,88,77,80,No,1,Yes,No,No,Yes,"Assumed NM, not verified","Harley Quinn, Vol. 4",1B,1,B,,Derrick Chew Cardstock Variant,DC Comics,,Modern,"Mar 23, 2021",,,76194137281500121,1,High Value Bin,24.0,4.99,0.0,,Minor,1st app. of Kevin,1st appearance,,,Super-Heroes,Raw,0.0,NM assumed,,,https://clzcomics.r.sizr.io/core/covers/lg/5a/5a_737274_0_HarleyQuinnVol41B.jpg,4d7f3a5eaacb4b45bb11be50913a205c,737274,111105,2021-06-12,2026-07-04,Comic,In Collection,My comic collection,No,USA,English,No,2322
Spider-Man,Museum Candidate,Low,78,67,90,No,1,Yes,No,No,Yes,"Assumed NM, not verified","The Amazing Spider-Man, Vol. 5",1A,1,A,Part 1,Ryan Ottley Regular Cover,Marvel Comics,Spider-Man,Modern,"Jul 11, 2018",Sep 2018,Sep 2018,75960608936900,1,High Value Bin,34.0,5.99,0.0,,Minor,1st app. of Kindred,1st appearance,Back To Basics,,Super-Heroes,Raw,0.0,NM assumed,,,https://clzcomics.r.sizr.io/core/covers/lg/89/89_566633_0_Part1.jpg,897236d045c44e02b17c0b47da2cb302,566633,83428,2021-06-27,2026-07-04,Comic,In Collection,My comic collection,No,USA,English,No,2385
Spider-Man,Investment Hold / Review,Low,70,65,90,No,1,Yes,No,No,Yes,"Assumed NM, not verified","Spider-Gwen, Vol. 2",25D,25,D,Part Two,Variant Khary Randolph Lenticular Homage Cover,Marvel Comics,Spider-Gwen,Modern,"Oct 18, 2017",Dec 2017,Dec 2017,75960608313802541,1,High Value Bin,55.0,3.99,0.0,,Minor,2nd app. of Gwenom,2nd appearance,Gwenom,,Action; Adventure; Super-Heroes,Raw,0.0,NM assumed,,,https://clzcomics.r.sizr.io/core/covers/lg/34/34_502940_0_SpiderGwenVol225D.jpg,4b113d21058140c2bcd3d295c487bf56,502940,64177,2021-06-27,2026-07-04,Comic,In Collection,My comic collection,No,USA,English,No,2390
Good Girl / Risqué Covers,Inventory Review,Low,73,57,65,No,1,Yes,No,No,Yes,"Assumed NM, not verified","Flash, Vol. 5",750H,750,H,Part One / Beer Run / Why You? / Flash Of All Worlds! / At The Starting Line / Flash Forward: Epilogue / Pinups,Jim Lee Variant Cover,DC Comics,Flash,Modern,"Mar 04, 2020",May 2020,May 2020,76194134184275081,1,,24.0,7.99,0.0,,Minor,Iris West becomes the Flash in an alternate reality,Story event,The Flash Age,,Action; Adventure; Anthology; Super-Heroes,Raw,0.0,NM assumed,,,https://clzcomics.r.sizr.io/core/covers/lg/a7/a7_652429_0_FlashVol5750H.jpg,a542f86698774c04963b074cb041dbc3,652429,69148,2021-06-28,2026-07-04,Comic,In Collection,My comic collection,No,USA,English,No,2455
Sci-Fi,Museum Candidate,Low,75,75,75,No,1,Yes,Yes,No,Yes,"Assumed NM, not verified","Star Wars: Darth Vader, Vol. 1",1A,1,A,Book I,Regular Adi Granov Cover,Marvel Comics,Star Wars,Modern,"Feb 11, 2015",Apr 2015,Apr 2015,75960608124000111,1,,50.0,4.99,0.0,,Major,1st app. of Black Krrsantan,1st appearance,Vader,,Action; Adventure; Science Fiction,Raw,0.0,NM assumed,,,https://clzcomics.r.sizr.io/core/covers/lg/f9/f9_392079_0_BookIVader.jpg,33f1bfff813f4342bd4c9fb6118f464f,392079,59552,2021-06-28,2026-07-04,Comic,In Collection,My comic collection,No,USA,English,No,2481
First Appearances,Museum Candidate,Low,78,67,65,No,1,Yes,No,No,Yes,"Assumed NM, not verified",Gwen Stacy,1A,1,A,,Regular Adam Hughes Cover,Marvel Comics,,Modern,"Feb 12, 2020",Apr 2020,Apr 2020,75960609819400111,1,,22.0,4.99,0.0,,Minor,1st team app. of the A-Gwen-Gers,1st team appearance,,,Action; Adventure; Super-Heroes,Raw,0.0,NM assumed,,,https://clzcomics.r.sizr.io/core/covers/lg/5f/5f_652581_0_.jpg,1b95a767d0cd47d4964f45c74a676a55,652581,95665,2021-06-28,2026-07-04,Comic,In Collection,My comic collection,No,USA,English,No,2488
Sci-Fi,Museum Candidate,Low,75,75,63,No,1,Yes,Yes,No,Yes,"Assumed NM, not verified",Spawn,2A,2,A,Part 2,Direct Edition,Image Comics,Spawn,Modern,Jun 1992,Jun 1992,Jun 1992,750998240052302,1,,65.0,1.95,0.0,,Major,1st app. of Violator,1st appearance,Questions,,Action; Adventure; Crime; Fantasy; Horror; Science Fiction; Super-Heroes; Thriller,Raw,0.0,NM assumed,,,https://clzcomics.r.sizr.io/core/covers/lg/46/46_110871_0_Part2.jpg,e45f9d5d97754fef9f4386cb731846c2,110871,9627,2021-06-28,2026-07-04,Comic,In Collection,My comic collection,No,USA,English,No,2502
Spider-Man,Investment Hold / Review,Low,70,65,80,No,1,Yes,No,No,Yes,"Assumed NM, not verified","Friendly Neighborhood Spider-Man, Vol. 2",1C,1,C,Part One,Variant Stanley Artgerm Lau Cover,Marvel Comics,,Modern,"Jan 09, 2019",Mar 2019,Mar 2019,75960609263500131,1,,9.0,3.99,0.0,,Minor,1st app. of Marnie,1st appearance,Mother of Exiles,,Super-Heroes,Raw,0.0,NM assumed,,,https://clzcomics.r.sizr.io/core/covers/lg/b6/b6_594491_0_FriendlyNeighborhoodSpiderManV.jpg,1a05fa94ba2c40549d9db489ffeae694,594491,87293,2021-06-28,2026-07-04,Comic,In Collection,My comic collection,No,USA,English,No,2515
First Appearances,Inventory Review,Low,70,45,40,No,1,Yes,No,No,Yes,"Assumed NM, not verified; Key with zero current price",Something is Killing the Children,16AR,16,AR,,Frankies Comics Exlcusive Jeehyung Lee Trade Set Cover A,Boom! Studios,,Modern,"May 26, 2021",2021,2021,84428400737516341,1,,0.0,3.99,3.99,,Minor,"Origin of Erica Slaughter, 1st full app. of Jessica Slaughter",1st full appearance,,,Horror,Raw,0.0,NM assumed,,,https://clzcomics.r.sizr.io/core/covers/lg/5b/5b_770955_0_SomethingisKillingtheChildren1.jpg,27a28580a48542cd85e52719e73f8f6e,770955,91897,2021-06-30,2026-07-04,Comic,In Collection,My comic collection,No,USA,English,No,2517
Good Girl / Risqué Covers,Museum Candidate,Low,80,45,40,No,1,Yes,No,No,Yes,"Assumed NM, not verified; Missing barcode; Key with zero current price",Something is Killing the Children,16AN,16,AN,,Frankies Comics Exlcusive Jeehyung Lee Foil Virgin Set Cover B,Boom! Studios,,Modern,"May 26, 2021",,,,1,,0.0,3.99,3.99,,Minor,"Origin of Erica Slaughter, 1st full app. of Jessica Slaughter",1st full appearance,,,Horror,Raw,0.0,NM assumed,,,https://clzcomics.r.sizr.io/core/covers/lg/31/31_770951_0_SomethingisKillingtheChildren1.jpg,5e2317d942a54410bf14d71cf690b583,770951,91897,2021-06-30,2026-07-04,Comic,In Collection,My comic collection,No,USA,English,No,2518
First Appearances,Investment Hold / Review,Low,70,65,60,No,1,Yes,No,No,Yes,"Assumed NM, not verified; Key with zero current price",DC Festival of Heroes: The Asian Superhero Celebration,1B,1,B,,Variant Stanley Artgerm Lau Cover,DC Comics,,Modern,"May 11, 2021",,,76194137373700121,1,,0.0,9.99,9.99,,Minor,1st app. of the Monkey Prince,1st appearance,,,Super-Heroes,Raw,0.0,NM assumed,,,https://clzcomics.r.sizr.io/core/covers/lg/84/84_748970_0_DCFestivalofHeroesTheAsianSupe.jpg,15e93d0ac76f43b2b362644707b05a32,748970,113258,2021-06-30,2026-07-04,Comic,In Collection,My comic collection,No,USA,English,No,2537
Sci-Fi,Museum Candidate,Low,75,75,75,No,1,Yes,Yes,No,No,,"Captain America, Vol. 7",25A,25,A,,Regular Stuart Immonen Cover,Marvel Comics,Captain America,Modern,"Oct 01, 2014",Dec 2014,Dec 2014,75960607904902511,1,,160.0,4.99,4.99,,Minor,1st app. of Sam Wilson as Captain America,1st appearance,,,Action; Adventure; Super-Heroes,Raw,9.4,9.4,,,https://clzcomics.r.sizr.io/core/covers/lg/0e/0e_378947_0_.jpg,97aee69ad1fd4b83ba1a5858b7687e55,378947,47241,2021-07-02,2026-07-04,Comic,In Collection,My comic collection,No,USA,English,No,2546
Spider-Man,Investment Hold / Review,Low,70,65,75,No,1,Yes,No,No,Yes,"Assumed NM, not verified; Key with zero current price",The Amazing Spider-Man / Venom: Death Spiral,1G,1,G,Part 1,Stonehouse Incentive Virgin Variant (1:50),Marvel Comics,,Modern,"Feb 25, 2026",Apr 2026,Apr 2026,75960621542300116,1,,0.0,5.99,0.0,,Minor,1st cameo app. Torment,1st/2nd/3rd cameo appearance,,Death Spiral,Super-Heroes,Raw,0.0,NM assumed,,,https://clzcomics.r.sizr.io/core/covers/lg/2d/2d_1189444_0_TheAmazingSpiderManVenomDeathS.jpg,d3cc54a485b24da7b88875317882f913,1189444,172172,2026-07-04,2026-07-04,Comic,In Collection,My comic collection,Yes,USA,English,No,2668
Spider-Man,Investment Hold / Review,Low,70,65,75,No,1,Yes,No,No,Yes,"Assumed NM, not verified; Key with zero current price",Spider-Gwen: Shadow Clones,1S,1,S,,Ariel Diaz Megacon Exclusive Virgin Variant,Marvel Comics,Spider-Gwen,Modern,"Mar 01, 2023",May 2023,May 2023,75960620536300137,1,,0.0,4.99,0.0,,Minor,1st app. Dr. Lyla Bennett,1st appearance,,,Super-Heroes,Raw,0.0,NM assumed,,,https://clzcomics.r.sizr.io/core/covers/lg/51/51_965017_0_SpiderGwenShadowClones1S.jpg,315aa6983587495d89a38cf15263568b,965017,139278,2026-07-04,2026-07-04,Comic,In Collection,My comic collection,Yes,USA,English,No,2683
Spider-Man,Investment Hold / Review,Low,70,65,75,No,1,Yes,No,No,Yes,"Assumed NM, not verified; Key with zero current price","The Amazing Spider-Man, Vol. 6",6U,6,U,"Go Away, Peter Parker!; Better Late Than Never; Spidey Meets Jimmy; Save the Date",Ivan Tao Exclusive Virgin Variant,Marvel Comics,Spider-Man,Modern,"Jul 27, 2022",Sep 2022,Sep 2022,75960620200300624,1,,0.0,9.99,0.0,,Minor,1st app. Sinister-Adaptoid,1st appearance,,,Super-Heroes,Raw,0.0,NM assumed,,,https://clzcomics.r.sizr.io/core/covers/lg/5f/5f_890837_0_TheAmazingSpiderManVol66U.jpg,925323e9459144cbb68294fb3daddc03,890837,127436,2026-07-04,2026-07-04,Comic,In Collection,My comic collection,Yes,USA,English,No,2695
First Appearances,Investment Hold / Review,Low,70,65,60,No,1,Yes,No,No,Yes,"Assumed NM, not verified; Key with zero current price",Secret Wars (2015),1M,1,M,The End Times,J. Scott Campbell Exclusive Variant,Marvel Comics,Secret Wars,Modern,"May 06, 2015",Jul 2015,Jul 2015,75960608230800132,1,,0.0,4.99,0.0,,Minor,1st cameo app. God Emperor Doom,1st/2nd/3rd cameo appearance,,Secret Wars,Action; Adventure; Super-Heroes,Raw,0.0,NM assumed,,,https://clzcomics.r.sizr.io/core/covers/lg/16/16_410063_0_TheEndTimes.jpg,72c9009fd1ad4167b57090dddc06040c,410063,60369,2026-07-04,2026-07-04,Comic,In Collection,My comic collection,Yes,USA,English,No,2698
First Appearances,Investment Hold / Review,Low,70,65,60,No,1,Yes,No,No,Yes,"Assumed NM, not verified; Key with zero current price","Wonder Woman, Vol. 6",1B,1,B,,Stanley 'Artgerm' Lau Variant,DC Comics,Wonder Woman,Modern,"Oct 24, 2023",Nov 2023,Nov 2023,76194138162600121,1,,0.0,5.99,0.0,,Minor,2nd cameo app. The Sovereign,1st/2nd/3rd cameo appearance,Wonder Woman: Outlaw,,Super-Heroes,Raw,0.0,NM assumed,,,https://clzcomics.r.sizr.io/core/covers/lg/88/88_990174_0_Part1.jpg,2aa91d3583fc4b4993ffc4b4bbd0df20,990174,146196,2026-07-04,2026-07-04,Comic,In Collection,My comic collection,Yes,USA,English,No,2701
Batman,Investment Hold / Review,Low,70,65,75,No,1,Yes,No,No,Yes,"Assumed NM, not verified; Key with zero current price","Batman and Robin, Vol. 3",1H,1,H,,Artgerm Foil Variant,DC Comics,,Modern,"Sep 12, 2023",Nov 2023,Nov 2023,76194138050600122,1,,0.0,7.99,0.0,,Minor,1st cameo app. Shush,1st/2nd/3rd cameo appearance,,,Super-Heroes,Raw,0.0,NM assumed,,,https://clzcomics.r.sizr.io/core/covers/lg/8a/8a_997222_0_BatmanandRobinVol31H.jpg,ec7eb9191b1241589a0e997c28b584dc,997222,146197,2026-07-04,2026-07-04,Comic,In Collection,My comic collection,Yes,USA,English,No,2702
